{
  "n_estimators": 700,
  "max_depth": 7,
  "learning_rate": 0.010312668553214938,
  "num_leaves": 79,
  "subsample": 0.8969087123917413,
  "colsample_bytree": 0.9008677984670905
}