{
  "tempo": 0.6929337794691192,
  "energy": 1.9858818332398962,
  "sentiment": 1.561784018789134,
  "beat": 1.7329161244736726,
  "onset": 0.6329351908732839,
  "flatness": 2.151855763459191
}