{
  "Bùng nổ / Sôi động": [
    0.9372700594236812,
    1.0,
    0.11599697090570255
  ],
  "Tươi mới / Yêu đời": [
    0.6493292420985183,
    0.5280093202212182,
    0.0
  ],
  "Kịch tính / Da diết": [
    0.4790418060840997,
    0.9830880728874676,
    1.0
  ],
  "Sâu lắng / Thấu cảm": [
    0.10403628889802274,
    0.0,
    1.0
  ],
  "Bình yên / Chữa lành": [
    0.3662213204002109,
    0.0,
    0.0
  ]
}